{"5": [2.195513000290106, 1.8854200265288483, 5.320922297193671], "0": [1.1766555094090618, 2.1435608196306837, 0.5000000596046448], "4": [1.9833737311813575, 1.5200448625065666, 5.205111069640672], "6": [0.8089629920229761, 1.6396646214781867, 2.2204847108050587], "8": [1.9907649102326659, 1.3769412684486626, 5.367859188499722], "10": [2.866623925833837, 4.128510615255742, 9.922326842416462], "9": [1.7740373082040832, 1.5711752029254082, 4.0043175755910205], "2": [1.9745102315291145, 1.373350406082933, 4.770955762970085], "3": [2.1525119262127848, 1.869883719001766, 5.080988884051634], "1": [2.0620575308363858, 1.4648255360827154, 5.172004387764865], "7": [2.3041065820477185, 2.6524556179414813, 5.955400439182333], "11": [2.4600989788435674, 2.660454341990371, 8.894818690217555], "12": [2.006137984319061, 1.4535466282497191, 5.031435080746482], "14": [2.6550174511091162, 2.718512023848459, 6.969267353825855], "13": [2.871314492474782, 3.968212978243599, 9.111945875965079], "15": [2.178435816572465, 1.206094444513302, 4.474327088711644], "16": [1.9069677389349537, 1.7365231948789726, 5.195683278124887], "17": [0.9358505896576073, 1.524511987424415, 1.9148016389783309], "18": [2.5908560536124488, 3.4333066181703047, 8.412090128118342], "19": [3.3015636769384415, 3.945718291547372, 15.54157472734641]}