{"1": [0.6601894361488745, 1.7607064854022731, 0.8422843770893693], "0": [1.6285898684851436, 1.5260834319114884, 3.8839544916846425], "2": [0.5967732022126614, 1.73720344191764, 1.7635464044253226]}