{"0": [0.6817716584158415, 1.7764508520563593, 0.7501647943640518], "1": [0.6202186642268984, 1.340583714547118, 1.735540713632205], "2": [1.9496521240428633, 1.733290928254782, 4.648322383309395], "3": [0.7782558043117744, 1.5044821724709783, 2.1069162520729683], "4": [0, 0, 0], "5": [2.926887144053601, 3.541848199329983, 11.285310929648242], "6": [0, 0, 0], "7": [2.5936325010761947, 3.0683881618596645, 7.8853090400344374], "8": [0, 0, 0], "9": [0, 0, 0], "10": [0, 0, 0], "11": [0, 0, 0], "12": [0, 0, 0], "13": [0, 0, 0], "14": [0, 0, 0], "15": [0, 0, 0], "16": [0, 0, 0], "17": [0, 0, 0], "18": [0, 0, 0], "19": [0, 0, 0], "20": [0, 0, 0], "21": [0, 0, 0], "22": [0, 0, 0], "23": [0, 0, 0], "24": [0, 0, 0], "25": [0, 0, 0], "26": [0, 0, 0], "27": [0, 0, 0], "28": [0, 0, 0], "29": [0, 0, 0], "30": [0, 0, 0], "31": [0, 0, 0], "32": [0, 0, 0], "33": [0, 0, 0], "34": [0, 0, 0], "35": [0, 0, 0], "36": [0, 0, 0], "37": [0, 0, 0], "38": [0, 0, 0], "39": [0, 0, 0], "40": [0, 0, 0], "41": [0, 0, 0], "42": [0, 0, 0], "43": [0, 0, 0], "44": [0, 0, 0], "45": [0, 0, 0], "46": [0, 0, 0], "47": [0, 0, 0], "48": [0, 0, 0], "49": [0, 0, 0], "50": [0, 0, 0], "51": [0, 0, 0], "52": [0, 0, 0], "53": [0, 0, 0], "54": [0, 0, 0], "55": [0, 0, 0], "56": [0, 0, 0], "57": [0, 0, 0], "58": [0, 0, 0], "59": [0, 0, 0], "60": [0, 0, 0], "61": [0, 0, 0], "62": [0, 0, 0], "63": [0, 0, 0], "64": [0, 0, 0], "65": [0, 0, 0], "66": [0, 0, 0], "67": [0, 0, 0], "68": [0, 0, 0], "69": [0, 0, 0], "70": [0, 0, 0], "71": [0, 0, 0], "72": [0, 0, 0], "73": [0, 0, 0], "74": [0, 0, 0], "75": [0, 0, 0], "76": [0, 0, 0], "77": [0, 0, 0], "78": [0, 0, 0], "79": [0, 0, 0]}