{"0": [2.532465423813075, 2.9117402933134477, 7.081932637335322], "1": [0.6823129455406826, 1.778215826051979, 0.7488362421506627], "2": [1.9519201598790963, 1.7349617304327076, 4.650616369710468], "3": [2.8593885230479774, 3.166490435873314, 6.454646911257447], "4": [0.7834527107241789, 1.5139263949347053, 2.10698891966759], "5": [0.6219205298013245, 1.34777527593819, 1.7322984547461369], "6": [2.9303892011240467, 3.539147932557207, 11.291804295463669], "7": [2.8864618078354125, 3.8010361129349968, 11.578754869774569], "8": [2.0215635359116018, 1.8713149171270718, 4.987209944751382]}